district,year,residue_tonnes
Ahmadabad,2010,3260600.0
Ahmadabad,2011,2740640.0
Ahmadabad,2012,2145060.0
Ahmadabad,2013,2269934.3
Ahmadabad,2014,2080649.2
Ahmadabad,2015,2036892.9
Ahmadabad,2016,2037511.8
Ahmadabad,2017,2129245.3
Ahmadabad,2018,1536057.1
Ahmadabad,2019,1962824.8
Ahmadabad,2020,2078665.2
Ahmadabad,2021,1525003.68
Ahmadabad,2022,2053463.9
Amreli,2010,4198540.0
Amreli,2011,3296710.0
Amreli,2012,807900.0
Amreli,2013,6345968.1
Amreli,2014,2396662.5
Amreli,2015,3463935.2
Amreli,2016,2130108.7
Amreli,2017,2794776.2
Amreli,2018,1787892.0
Amreli,2019,5001655.7
Amreli,2020,3168385.8
Amreli,2021,955143.3099999999
Amreli,2022,4476339.6
Anand,2010,904600.0
Anand,2011,1024040.0
Anand,2012,1002180.0
Anand,2013,1160862.9
Anand,2014,1061399.6
Anand,2015,1045680.3
Anand,2016,958740.9
Anand,2017,960042.1
Anand,2018,976395.0
Anand,2019,833271.7
Anand,2020,920782.9
Anand,2021,964967.36
Anand,2022,1052924.8
Aravalli,2014,1136414.3
Aravalli,2015,1139957.9
Aravalli,2016,974913.6
Aravalli,2017,1210009.4
Aravalli,2018,1417115.4
Aravalli,2019,1150894.9
Aravalli,2020,932518.2
Aravalli,2021,924460.41
Aravalli,2022,1181004.3
Banas Kantha,2010,2599500.0
Banas Kantha,2011,3253010.0
Banas Kantha,2012,2935680.0
Banas Kantha,2013,2909465.2
Banas Kantha,2014,3070409.8
Banas Kantha,2015,2412913.1
Banas Kantha,2016,2922515.9
Banas Kantha,2017,3140531.9
Banas Kantha,2018,2879005.0
Banas Kantha,2019,3340313.0
Banas Kantha,2020,3627331.9
Banas Kantha,2021,3105279.42
Banas Kantha,2022,3696178.4
Bharuch,2010,1394790.0
Bharuch,2011,1398590.0
Bharuch,2012,1156760.0
Bharuch,2013,1346853.2
Bharuch,2014,1615475.0
Bharuch,2015,1188527.2
Bharuch,2016,1106019.1
Bharuch,2017,1512122.5
Bharuch,2018,1548830.9
Bharuch,2019,1819898.3
Bharuch,2020,2775923.2
Bharuch,2021,2051717.7499999998
Bharuch,2022,1924023.9
Bhavnagar,2010,4981060.0
Bhavnagar,2011,3738320.0
Bhavnagar,2012,1690880.0
Bhavnagar,2013,3991671.2
Bhavnagar,2014,2035721.0
Bhavnagar,2015,2111604.2
Bhavnagar,2016,2165633.0
Bhavnagar,2017,3062683.6
Bhavnagar,2018,1797757.7
Bhavnagar,2019,3216957.9
Bhavnagar,2020,2725387.3
Bhavnagar,2021,687091.77
Bhavnagar,2022,2783546.2
Botad,2014,2524378.2
Botad,2015,2428119.6
Botad,2016,1553762.8
Botad,2017,2918617.1
Botad,2018,1258100.2
Botad,2019,1612737.4
Botad,2020,1856592.9
Botad,2021,237325.18
Botad,2022,2508931.8
Chhota Udaipur,2014,1650011.9
Chhota Udaipur,2015,1328332.4
Chhota Udaipur,2016,1492891.1
Chhota Udaipur,2017,1425641.8
Chhota Udaipur,2018,1605325.0
Chhota Udaipur,2019,1462847.2
Chhota Udaipur,2020,1306987.5
Chhota Udaipur,2021,277438.02
Chhota Udaipur,2022,1445649.9
Devbhumi Dwarka,2014,921650.6
Devbhumi Dwarka,2015,175174.5
Devbhumi Dwarka,2016,351154.8
Devbhumi Dwarka,2017,845195.0
Devbhumi Dwarka,2018,167104.1
Devbhumi Dwarka,2019,936663.4
Devbhumi Dwarka,2020,676544.4
Devbhumi Dwarka,2021,790867.7
Devbhumi Dwarka,2022,843772.7
Dohad,2010,692910.0
Dohad,2011,712370.0
Dohad,2012,934610.0
Dohad,2013,635538.6
Dohad,2014,589665.8
Dohad,2015,544245.2
Dohad,2016,751644.2
Dohad,2017,836627.1
Dohad,2018,941099.3
Dohad,2019,937724.2
Dohad,2020,877068.5
Dohad,2021,981796.8
Dohad,2022,1102655.9
Gandhinagar,2010,823850.0
Gandhinagar,2011,904780.0
Gandhinagar,2012,815150.0
Gandhinagar,2013,840921.8
Gandhinagar,2014,838351.5
Gandhinagar,2015,706881.8
Gandhinagar,2016,633604.4
Gandhinagar,2017,721219.6
Gandhinagar,2018,692750.4
Gandhinagar,2019,636917.0
Gandhinagar,2020,628205.3
Gandhinagar,2021,426185.17
Gandhinagar,2022,670033.1
Gir Somnath,2014,1266887.0
Gir Somnath,2015,1168279.9
Gir Somnath,2016,403994.5
Gir Somnath,2017,2285382.8
Gir Somnath,2018,578785.0
Gir Somnath,2019,1923711.5
Gir Somnath,2020,1971915.5
Gir Somnath,2021,896347.56
Gir Somnath,2022,1126677.9
Jamnagar,2010,3498200.0
Jamnagar,2011,4276160.0
Jamnagar,2012,392740.0
Jamnagar,2013,5085617.3
Jamnagar,2014,2349171.6
Jamnagar,2015,1817399.7
Jamnagar,2016,710124.5
Jamnagar,2017,3471570.0
Jamnagar,2018,1397929.1
Jamnagar,2019,2607511.5
Jamnagar,2020,2226506.5
Jamnagar,2021,911488.16
Jamnagar,2022,3641805.3
Junagadh,2010,3313270.0
Junagadh,2011,2922800.0
Junagadh,2012,884010.0
Junagadh,2013,4642063.3
Junagadh,2014,2978210.4
Junagadh,2015,769086.2
Junagadh,2016,1134391.6
Junagadh,2017,1069014.7
Junagadh,2018,1031401.4
Junagadh,2019,1844659.4
Junagadh,2020,1707889.0
Junagadh,2021,1483617.76
Junagadh,2022,2202434.7
Kachchh,2010,1854200.0
Kachchh,2011,2366990.0
Kachchh,2012,1887910.0
Kachchh,2013,2562116.6
Kachchh,2014,1581564.3
Kachchh,2015,1574658.1
Kachchh,2016,1481766.2
Kachchh,2017,1808120.8
Kachchh,2018,758616.3
Kachchh,2019,1396996.0
Kachchh,2020,1432416.4
Kachchh,2021,1058167.57
Kachchh,2022,2305464.6
Kheda,2010,1516060.0
Kheda,2011,1460130.0
Kheda,2012,1323650.0
Kheda,2013,1409098.1
Kheda,2014,1176815.9
Kheda,2015,1053298.9
Kheda,2016,1092419.5
Kheda,2017,1186123.8
Kheda,2018,1411100.4
Kheda,2019,1306125.5
Kheda,2020,1273593.5
Kheda,2021,1149702.46
Kheda,2022,1341159.3
Mahesana,2010,1701520.0
Mahesana,2011,2190410.0
Mahesana,2012,1732890.0
Mahesana,2013,1524597.7
Mahesana,2014,1575241.9
Mahesana,2015,1439236.9
Mahesana,2016,1286360.3
Mahesana,2017,1556268.9
Mahesana,2018,1376761.3
Mahesana,2019,1483523.8
Mahesana,2020,1480502.9
Mahesana,2021,1084513.13
Mahesana,2022,1570793.1
Mahisagar,2014,496988.7
Mahisagar,2015,392532.6
Mahisagar,2016,489809.8
Mahisagar,2017,437928.0
Mahisagar,2018,438690.2
Mahisagar,2019,469275.9
Mahisagar,2020,369946.8
Mahisagar,2021,452497.55
Mahisagar,2022,613845.1
Morbi,2014,1427354.1
Morbi,2015,708990.1
Morbi,2016,989584.3
Morbi,2017,988317.2
Morbi,2018,824806.7
Morbi,2019,1005249.8
Morbi,2020,812536.6
Morbi,2021,649143.22
Morbi,2022,2868431.1
Narmada,2010,762590.0
Narmada,2011,780470.0
Narmada,2012,491990.0
Narmada,2013,538538.9
Narmada,2014,590327.9
Narmada,2015,630353.6
Narmada,2016,483607.9
Narmada,2017,622748.9
Narmada,2018,732731.8
Narmada,2019,700858.4
Narmada,2020,769846.4
Narmada,2021,231304.61
Narmada,2022,746018.3
Navsari,2010,849370.0
Navsari,2011,729820.0
Navsari,2012,280000.0
Navsari,2013,499178.9
Navsari,2014,666026.1
Navsari,2015,509876.9
Navsari,2016,505460.8
Navsari,2017,532956.5
Navsari,2018,487401.9
Navsari,2019,532610.7
Navsari,2020,520049.39999999997
Navsari,2021,576630.5
Navsari,2022,561364.8
Panch Mahals,2010,675830.0
Panch Mahals,2011,905290.0
Panch Mahals,2012,1096250.0
Panch Mahals,2013,1092766.2
Panch Mahals,2014,517683.4
Panch Mahals,2015,415204.8
Panch Mahals,2016,623991.8
Panch Mahals,2017,601471.1
Panch Mahals,2018,644421.1
Panch Mahals,2019,688392.5
Panch Mahals,2020,557077.9
Panch Mahals,2021,418968.57
Panch Mahals,2022,666504.5
Patan,2010,1146750.0
Patan,2011,1606970.0
Patan,2012,1168270.0
Patan,2013,1270888.4
Patan,2014,1306208.9
Patan,2015,1103898.3
Patan,2016,1035721.3
Patan,2017,1062440.1
Patan,2018,779566.2
Patan,2019,994197.2
Patan,2020,1124644.0
Patan,2021,888182.61
Patan,2022,1410003.7
Porbandar,2010,368410.0
Porbandar,2011,540120.0
Porbandar,2012,76780.0
Porbandar,2013,683047.4
Porbandar,2014,503478.1
Porbandar,2015,135084.3
Porbandar,2016,488106.5
Porbandar,2017,474895.9
Porbandar,2018,272825.2
Porbandar,2019,487042.6
Porbandar,2020,409198.9
Porbandar,2021,458890.77
Porbandar,2022,540757.6
Rajkot,2010,6779060.0
Rajkot,2011,6711090.0
Rajkot,2012,1609920.0
Rajkot,2013,6870523.5
Rajkot,2014,3108376.0
Rajkot,2015,1134639.9
Rajkot,2016,488907.7
Rajkot,2017,5196468.6
Rajkot,2018,2073828.9
Rajkot,2019,5195299.6
Rajkot,2020,3850391.7
Rajkot,2021,1588281.73
Rajkot,2022,4741627.0
Sabar Kantha,2010,2574730.0
Sabar Kantha,2011,2871930.0
Sabar Kantha,2012,2625660.0
Sabar Kantha,2013,2294193.7
Sabar Kantha,2014,1545989.1
Sabar Kantha,2015,1498866.6
Sabar Kantha,2016,1167713.4
Sabar Kantha,2017,1839197.3
Sabar Kantha,2018,1442188.5
Sabar Kantha,2019,1320013.7
Sabar Kantha,2020,1451051.9
Sabar Kantha,2021,975292.39
Sabar Kantha,2022,1506619.0
Surat,2010,2631720.0
Surat,2011,2589660.0
Surat,2012,471510.0
Surat,2013,2164138.7
Surat,2014,2447003.8
Surat,2015,1840806.7999999998
Surat,2016,2021693.4999999998
Surat,2017,2163532.5999999996
Surat,2018,2103565.8
Surat,2019,1793335.5999999999
Surat,2020,2270975.7
Surat,2021,2361137.92
Surat,2022,2204347.6
Surendranagar,2010,5641520.0
Surendranagar,2011,6186730.0
Surendranagar,2012,1995580.0
Surendranagar,2013,4822875.7
Surendranagar,2014,4074171.5
Surendranagar,2015,4450818.4
Surendranagar,2016,2793323.2
Surendranagar,2017,4403166.8
Surendranagar,2018,2574609.7
Surendranagar,2019,3388930.9
Surendranagar,2020,3650389.5
Surendranagar,2021,1021440.27
Surendranagar,2022,4941117.4
Tapi,2010,414650.0
Tapi,2011,665960.0
Tapi,2012,402570.0
Tapi,2013,884525.8
Tapi,2014,854763.0
Tapi,2015,730066.1
Tapi,2016,770483.1
Tapi,2017,819693.2
Tapi,2018,969002.5
Tapi,2019,1006402.0
Tapi,2020,1085306.5
Tapi,2021,1027847.05
Tapi,2022,1168233.9
The Dangs,2010,75890.0
The Dangs,2011,115030.0
The Dangs,2012,71930.0
The Dangs,2013,127036.6
The Dangs,2014,69085.6
The Dangs,2015,108756.09999999999
The Dangs,2016,130442.5
The Dangs,2017,115434.1
The Dangs,2018,118795.4
The Dangs,2019,101666.4
The Dangs,2020,120024.1
The Dangs,2021,156623.3
The Dangs,2022,110215.79999999999
Vadodara,2010,3270330.0
Vadodara,2011,3056090.0
Vadodara,2012,3519340.0
Vadodara,2013,3193271.2
Vadodara,2014,1621915.6
Vadodara,2015,1402271.9
Vadodara,2016,1259536.9
Vadodara,2017,1968749.1
Vadodara,2018,1804272.5
Vadodara,2019,1660903.6
Vadodara,2020,1717256.1
Vadodara,2021,547531.76
Vadodara,2022,1898955.4
Valsad,2010,406810.0
Valsad,2011,400190.0
Valsad,2012,249580.0
Valsad,2013,348089.0
Valsad,2014,389293.19999999995
Valsad,2015,381024.1
Valsad,2016,507155.3
Valsad,2017,402021.3
Valsad,2018,408840.1
Valsad,2019,390783.8
Valsad,2020,405359.19999999995
Valsad,2021,398152.4
Valsad,2022,427510.89999999997
