district,latitude,longitude,baseline_supply_2017,rolling_3yr_supply,trend_forecast_2018,predicted_supply_2018,trend_r2,confidence_score_heuristic,confidence_label,cropland_2017,avg_precipitation_2017,avg_elevation_2017,site_count_2017,residue_type,residue_type_source,harvest_window,supply_tier,rolling_3yr_2022,predicted_supply_2024,supply_source,supply_trend,predicted_supply_2025,predicted_supply_2026,trend_r2_2026,trend_forecast_2026,confidence_score_2026,confidence_label_2026,supply_2026_change_pct
Amreli,21.480991,71.329378,37242.91,33540.806,32989.178,33375.317,0.023,47.7,Low,7465.5,8.395,127.086,116,Groundnut shell / cotton stalk,official district crop profile,Sep–Nov (demo operational window),High,38200.332,38148.955,"2018 trend forecast extended with official DES Agristat district APY 2010-2022 (production x RPR residue, calibrated to Shell.ai units at 2017), projected iteratively to 2026","2010:55949.3,2011:43931.6,2012:10766.0,2013:84565.7,2014:31937.7,2015:46160.1,2016:28385.6,2017:37242.9,2018:23825.3,2019:66651.6,2020:42221.6,2021:12728.1,2022:59651.3,2024:38148.954804621855,2025:37067.37911043598,2026:42558.33578458004",37067.379,42558.336,0.008,37074.482,46.8,Low,27.5
Morbi,22.892876,70.994324,23320.198,19312.785,19386.985,19335.045,0.096,51.8,Low,4143.5,4.84,56.091,77,Mixed agricultural residue,demo assumption,Sep–Nov (demo operational window),High,34057.569,32576.19,"2018 trend forecast extended with official DES Agristat district APY 2010-2022 (production x RPR residue, calibrated to Shell.ai units at 2017), projected iteratively to 2026","2010:33679.7,2011:33679.7,2012:33679.7,2013:33679.7,2014:33679.7,2015:16729.2,2016:23350.1,2017:23320.2,2018:19462.0,2019:23719.7,2020:19172.5,2021:15317.1,2022:67683.1,2024:32576.18992953797,2025:36050.76037839933,2026:41432.69878543804",36050.76,41432.699,0.0,29146.62,41.9,Low,114.3
Rajkot,22.122745,70.709604,44996.159,21467.252,22480.176,21771.129,0.037,32.0,Low,6641.5,6.565,135.914,105,Groundnut shell / cotton stalk,official crop profile,Sep–Nov (demo operational window),High,29383.7,26785.937,"2018 trend forecast extended with official DES Agristat district APY 2010-2022 (production x RPR residue, calibrated to Shell.ai units at 2017), projected iteratively to 2026","2010:58699.8,2011:58111.2,2012:13940.3,2013:59491.8,2014:26915.4,2015:9824.8,2016:4233.4,2017:44996.2,2018:17957.3,2019:44986.0,2020:33340.5,2021:13752.9,2022:41057.7,2024:26785.937463814706,2025:25402.573649404625,2026:28090.158449633665",25402.574,28090.158,0.089,17688.167,51.2,Low,29.0
Jamnagar,22.459506,70.260924,25918.495,15548.442,18176.552,16336.875,0.076,39.5,Low,3691.5,5.821,53.167,72,Groundnut shell / cotton stalk,official district crop profile,Sep–Nov (demo operational window),High,16872.502,15784.916,"2018 trend forecast extended with official DES Agristat district APY 2010-2022 (production x RPR residue, calibrated to Shell.ai units at 2017), projected iteratively to 2026","2010:26117.3,2011:31925.5,2012:2932.2,2013:37968.9,2014:17538.7,2015:13568.6,2016:5301.7,2017:25918.5,2018:10436.8,2019:19467.5,2020:16622.9,2021:6805.1,2022:27189.5,2024:15784.915781142732,2025:15640.48496475002,2026:17720.400592672086",15640.485,17720.401,0.058,11909.149,49.4,Low,8.5
Surendranagar,22.892453,71.594366,22698.586,20535.134,20879.435,20638.424,0.063,54.8,Low,5338.0,4.971,64.312,96,Groundnut shell / cotton stalk,official crop profile,Sep–Nov (demo operational window),High,16518.438,15413.562,"2018 trend forecast extended with official DES Agristat district APY 2010-2022 (production x RPR residue, calibrated to Shell.ai units at 2017), projected iteratively to 2026","2010:29082.4,2011:31893.0,2012:10287.3,2013:24862.2,2014:21002.6,2015:22944.2,2016:14399.7,2017:22698.6,2018:13272.3,2019:17470.1,2020:18818.0,2021:5265.6,2022:25471.8,2024:15413.561769277749,2025:14613.656566988806,2026:16715.4058355545",14613.657,16715.406,0.2,11093.095,54.6,Low,-19.0
Bhavnagar,21.621486,71.956497,24931.391,19390.101,18307.13,19065.21,0.06,50.1,Low,4625.0,8.734,41.33,100,Groundnut shell,official crop profile,Sep–Nov (demo operational window),High,16812.655,15534.259,"2018 trend forecast extended with official DES Agristat district APY 2010-2022 (production x RPR residue, calibrated to Shell.ai units at 2017), projected iteratively to 2026","2010:40547.7,2011:30431.3,2012:13764.4,2013:32493.7,2014:16571.5,2015:17189.2,2016:17629.1,2017:24931.4,2018:14634.4,2019:26187.2,2020:22185.7,2021:5593.2,2022:22659.1,2024:15534.259435663207,2025:13927.345532002066,2026:15685.797876676756",13927.346,15685.798,0.245,10211.902,57.0,Moderate,-17.7
Ahmadabad,22.862573,72.16126,17041.899,17461.897,16075.469,17045.968,0.103,58.7,Moderate,5619.0,5.757,23.686,102,Rice straw / mixed residue,official crop profile,Sep–Nov (demo operational window),High,15092.716,14073.618,"2018 trend forecast extended with official DES Agristat district APY 2010-2022 (production x RPR residue, calibrated to Shell.ai units at 2017), projected iteratively to 2026","2010:26097.0,2011:21935.3,2012:17168.5,2013:18167.9,2014:16652.9,2015:16302.7,2016:16307.7,2017:17041.9,2018:12294.2,2019:15709.9,2020:16637.1,2021:12205.7,2022:16435.4,2024:14073.618148083218,2025:13506.886526547285,2026:13778.05669718471",13506.887,13778.057,0.541,10332.034,76.0,High,-19.2
Surat,21.354159,73.02082,9735.6,10297.089,11023.635,10515.053,0.204,61.9,Moderate,2407.5,11.52,51.183,60,Rice straw,official crop profile,Sep–Nov (demo operational window),Medium,10254.379,10107.948,"2018 trend forecast extended with official DES Agristat district APY 2010-2022 (production x RPR residue, calibrated to Shell.ai units at 2017), projected iteratively to 2026","2010:11842.4,2011:11653.1,2012:2121.7,2013:9738.3,2014:11011.2,2015:8283.4,2016:9097.3,2017:9735.6,2018:9465.8,2019:8069.8,2020:10219.1,2021:10624.8,2022:9919.3,2024:10107.948438764666,2025:10130.864261669598,2026:10051.464303605428",10130.864,10051.464,0.006,9865.889,64.5,Moderate,-4.4
Patan,23.843651,71.73231,8750.403,10416.458,10315.406,10386.142,0.112,56.8,Moderate,5347.5,4.854,48.299,87,Cumin/fennel residue,official crop profile,Sep–Nov (demo operational window),Medium,9396.967,8962.626,"2018 trend forecast extended with official DES Agristat district APY 2010-2022 (production x RPR residue, calibrated to Shell.ai units at 2017), projected iteratively to 2026","2010:9444.8,2011:13235.2,2012:9622.0,2013:10467.2,2014:10758.1,2015:9091.9,2016:8530.3,2017:8750.4,2018:6420.6,2019:8188.3,2020:9262.7,2021:7315.2,2022:11613.0,2024:8962.625657792845,2025:8937.321474901059,2026:9343.163739510794",8937.321,9343.164,0.163,7576.84,61.6,Moderate,-10.0
Kheda,22.932698,72.947661,7675.523,8086.568,8499.148,8210.342,0.319,65.8,Moderate,3611.5,7.291,61.34,47,Rice straw,official crop profile,Sep–Nov (demo operational window),Medium,8120.053,7963.665,"2018 trend forecast extended with official DES Agristat district APY 2010-2022 (production x RPR residue, calibrated to Shell.ai units at 2017), projected iteratively to 2026","2010:9810.6,2011:9448.6,2012:8565.5,2013:9118.4,2014:7615.3,2015:6816.0,2016:7069.2,2017:7675.5,2018:9131.4,2019:8452.1,2020:8241.5,2021:7439.8,2022:8678.8,2024:7963.664614614358,2025:7908.269273161575,2026:8018.638903231902",7908.269,8018.639,0.138,7420.321,69.0,Moderate,-2.3
Tapi,21.296815,73.726413,4109.696,4507.959,5038.179,4667.025,0.302,63.4,Moderate,2740.0,11.262,121.578,64,Mixed agricultural residue,demo assumption,Sep–Nov (demo operational window),Low,5483.964,5732.615,"2018 trend forecast extended with official DES Agristat district APY 2010-2022 (production x RPR residue, calibrated to Shell.ai units at 2017), projected iteratively to 2026","2010:2078.9,2011:3338.9,2012:2018.4,2013:4434.7,2014:4285.5,2015:3660.3,2016:3863.0,2017:4109.7,2018:4858.3,2019:5045.8,2020:5441.4,2021:5153.3,2022:5857.2,2024:5732.614911325454,2025:5823.533670202474,2026:6005.31115359239",5823.534,6005.311,0.781,6849.74,90.8,High,28.7
Chhota Udaipur,22.288349,73.890618,7742.487,7965.956,8634.648,8166.564,0.044,53.4,Low,1624.0,10.133,181.298,57,Pulse residue,official crop profile,Sep–Nov (demo operational window),Medium,5485.324,5453.009,"2018 trend forecast extended with official DES Agristat district APY 2010-2022 (production x RPR residue, calibrated to Shell.ai units at 2017), projected iteratively to 2026","2010:8961.0,2011:8961.0,2012:8961.0,2013:8961.0,2014:8961.0,2015:7214.0,2016:8107.7,2017:7742.5,2018:8718.3,2019:7944.5,2020:7098.1,2021:1506.7,2022:7851.1,2024:5453.009137462475,2025:4986.987431643762,2026:5699.820041985575",4986.987,5699.82,0.338,4779.932,61.2,Moderate,-30.2
Gandhinagar,23.270535,72.646102,6845.399,7698.58,7793.09,7726.933,0.013,53.9,Low,3441.5,6.45,79.894,47,Mixed agricultural residue,demo assumption,Sep–Nov (demo operational window),Medium,5455.743,5244.668,"2018 trend forecast extended with official DES Agristat district APY 2010-2022 (production x RPR residue, calibrated to Shell.ai units at 2017), projected iteratively to 2026","2010:7819.5,2011:8587.6,2012:7736.9,2013:7981.5,2014:7957.1,2015:6709.3,2016:6013.8,2017:6845.4,2018:6575.2,2019:6045.2,2020:5962.6,2021:4045.1,2022:6359.6,2024:5244.667919170302,2025:5048.548249102567,2026:5244.222630377606",5048.548,5244.223,0.691,4235.602,81.9,High,-32.1
Porbandar,21.727127,69.718608,4519.609,3138.89,4006.87,3399.284,0.091,45.5,Low,2094.0,6.805,36.872,47,Mixed agricultural residue,demo assumption,Sep–Nov (demo operational window),Low,4469.358,4479.644,"2018 trend forecast extended with official DES Agristat district APY 2010-2022 (production x RPR residue, calibrated to Shell.ai units at 2017), projected iteratively to 2026","2010:3506.2,2011:5140.4,2012:730.7,2013:6500.6,2014:4791.6,2015:1285.6,2016:4645.3,2017:4519.6,2018:2596.5,2019:4635.2,2020:3894.4,2021:4367.3,2022:5146.4,2024:4479.64394988686,2025:4633.406437757358,2026:4721.233066105233",4633.406,4721.233,0.025,4634.176,59.3,Moderate,38.9
Sabar Kantha,23.836993,72.993614,6900.154,5802.356,6256.084,5938.474,0.295,63.1,Moderate,2198.0,7.656,198.719,32,Castor stalk / mixed residue,official crop profile,Sep–Nov (demo operational window),Medium,4918.46,4287.352,"2018 trend forecast extended with official DES Agristat district APY 2010-2022 (production x RPR residue, calibrated to Shell.ai units at 2017), projected iteratively to 2026","2010:9659.7,2011:10774.7,2012:9850.7,2013:8607.2,2014:5800.1,2015:5623.3,2016:4380.9,2017:6900.2,2018:5410.7,2019:4952.3,2020:5443.9,2021:3659.0,2022:5652.4,2024:4287.352262854386,2025:4019.0210304569737,2026:4077.5477572227",4019.021,4077.548,0.672,1850.861,79.0,High,-31.3
Navsari,20.892172,73.037348,2646.733,2939.821,3112.068,2991.495,0.172,59.2,Moderate,804.0,17.04,33.061,33,Rice straw,official crop profile,Sep–Nov (demo operational window),Low,2744.69,2636.482,"2018 trend forecast extended with official DES Agristat district APY 2010-2022 (production x RPR residue, calibrated to Shell.ai units at 2017), projected iteratively to 2026","2010:4218.1,2011:3624.4,2012:1390.5,2013:2479.0,2014:3307.6,2015:2532.1,2016:2510.2,2017:2646.7,2018:2420.5,2019:2645.0,2020:2582.6,2021:2863.6,2022:2787.8,2024:2636.48183932972,2025:2659.6307099370238,2026:2621.0437364975583",2659.631,2621.044,0.078,2287.529,66.7,Moderate,-12.4
Valsad,20.536067,73.096464,2082.183,2241.89,2207.698,2231.632,0.094,57.1,Moderate,147.5,21.846,104.3,30,Rice straw,official crop profile,Sep–Nov (demo operational window),Low,2125.272,2162.22,"2018 trend forecast extended with official DES Agristat district APY 2010-2022 (production x RPR residue, calibrated to Shell.ai units at 2017), projected iteratively to 2026","2010:2107.0,2011:2072.7,2012:1292.6,2013:1802.9,2014:2016.3,2015:1973.4,2016:2626.7,2017:2082.2,2018:2117.5,2019:2024.0,2020:2099.5,2021:2062.1,2022:2214.2,2024:2162.2196811142785,2025:2176.2059307244754,2026:2203.760558160465",2176.206,2203.761,0.125,2301.095,71.6,Moderate,-1.2
Mahisagar,23.289337,73.632036,1800.968,1997.984,2045.052,2012.104,0.016,55.4,Moderate,1525.0,9.153,143.607,28,Pulse residue,demo assumption,Sep–Nov (demo operational window),Low,1968.902,1951.867,"2018 trend forecast extended with official DES Agristat district APY 2010-2022 (production x RPR residue, calibrated to Shell.ai units at 2017), projected iteratively to 2026","2010:2043.9,2011:2043.9,2012:2043.9,2013:2043.9,2014:2043.9,2015:1614.3,2016:2014.3,2017:1801.0,2018:1804.1,2019:1929.9,2020:1521.4,2021:1860.9,2022:2524.4,2024:1951.8669389450065,2025:2055.007974396904,2026:2111.206662902897",2055.008,2111.207,0.004,1903.812,59.8,Moderate,4.9
Dohad,22.892283,74.107701,608.354,579.025,567.488,575.564,0.04,58.8,Moderate,1422.5,10.408,275.233,30,Pulse residue,official crop profile,Sep–Nov (demo operational window),Low,717.824,731.828,"2018 trend forecast extended with official DES Agristat district APY 2010-2022 (production x RPR residue, calibrated to Shell.ai units at 2017), projected iteratively to 2026","2010:503.9,2011:518.0,2012:679.6,2013:462.1,2014:428.8,2015:395.7,2016:546.6,2017:608.4,2018:684.3,2019:681.9,2020:637.8,2021:713.9,2022:801.8,2024:731.8282390548483,2025:757.0997959600661,2026:771.8136277861404",757.1,771.814,0.477,808.271,79.8,High,34.1
The Dangs,20.892686,73.644758,97.63,113.172,130.249,118.295,0.234,60.4,Moderate,62.5,14.855,272.211,19,Mixed agricultural residue,demo assumption,Sep–Nov (demo operational window),Low,109.065,111.175,"2018 trend forecast extended with official DES Agristat district APY 2010-2022 (production x RPR residue, calibrated to Shell.ai units at 2017), projected iteratively to 2026","2010:64.2,2011:97.3,2012:60.8,2013:107.4,2014:58.4,2015:92.0,2016:110.3,2017:97.6,2018:100.5,2019:86.0,2020:101.5,2021:132.5,2022:93.2,2024:111.1751104521356,2025:113.82830214132687,2026:110.00435282894196",113.828,110.004,0.298,122.012,69.9,Moderate,-7.0
